id,dice
CL_HandE_1234_B004_bottomright,0.936980592055458
CL_HandE_1234_B004_topleft,0.9195726177015423
CL_HandE_1234_B004_topright,0.9216310830724985
HandE_B005_CL_b_RGB_bottomright,0.8983568682591906
HandE_B005_CL_b_RGB_topleft,0.9104829978846856
Average,0.9174048317946749
