id,dice
CL_HandE_1234_B004_bottomleft,0.9118206257983936
HandE_B005_CL_b_RGB_bottomleft,0.795089196189986
Average,0.8534549109941898
