id,dice
CL_HandE_1234_B004_bottomleft,0.922929778972226
HandE_B005_CL_b_RGB_bottomleft,0.7634746349031302
Average,0.8432022069376781
