model name,valid_loss
0_UNET,0.10941710323095322
1_UNET,0.0695892146185917
2_UNET,0.08970232548959114
3_UNET,0.12134397961199284
4_UNET,0.09411236131563783
