id,dice
CL_HandE_1234_B004_bottomleft,0.9118206257983936
Average,0.8534549109941898
