id,dice
CL_HandE_1234_B004_bottomright,0.8076528265406101
CL_HandE_1234_B004_topleft,0.9154728206067088
CL_HandE_1234_B004_topright,0.9112342804027279
HandE_B005_CL_b_RGB_bottomright,0.884394673078839
HandE_B005_CL_b_RGB_topleft,0.8945819437687517
Average,0.8826673088795275
