model_name,train_loss,train_dice,valid_loss,valid_dice
fold_efficientnet-b2_efficientnet-b2.pth,0.5684734959351389,0.6077746152877808,0.48261260635712566,0.6490503549575806
fold_efficientnet-b2_efficientnet-b2.pth,0.44979054363150345,0.6755353808403015,0.4071301712709315,0.6986778974533081
fold_efficientnet-b2_efficientnet-b2.pth,0.35709163232853536,0.7422655820846558,0.3294174013768925,0.7609079480171204
